<?xml version="1.0"?>
<testResults>
  <FitNesseVersion>v20140901</FitNesseVersion>
  <rootPath>FitNesse.SedolAcceptanceTests.ValidSedolThatIsNotDefinedByTheEndUserLeadingCharacterIsNot9</rootPath>
    <result>
    <counts>
      <right>6</right>
      <wrong>0</wrong>
      <ignores>0</ignores>
      <exceptions>0</exceptions>
    </counts>
    <runTimeInMillis>46</runTimeInMillis>
    <content>&lt;div class="collapsible closed"&gt;&lt;ul&gt;&lt;li&gt;&lt;a href='#' class='expandall'&gt;Expand&lt;/a&gt;&lt;/li&gt;&lt;li&gt;&lt;a href='#' class='collapseall'&gt;Collapse&lt;/a&gt;&lt;/li&gt;&lt;/ul&gt;
	&lt;p class="title"&gt;Included page: &lt;a href="FitNesse.SedolAcceptanceTests.ValidSedolThatIsNotDefinedByTheEndUserLeadingCharacterIsNot9.SetUp"&gt;.FitNesse.SedolAcceptanceTests.ValidSedolThatIsNotDefinedByTheEndUserLeadingCharacterIsNot9.SetUp&lt;/a&gt; &lt;a href="FitNesse.SedolAcceptanceTests.ValidSedolThatIsNotDefinedByTheEndUserLeadingCharacterIsNot9.SetUp?edit&amp;amp;redirectToReferer=true&amp;amp;redirectAction=" class="edit"&gt;(edit)&lt;/a&gt;&lt;/p&gt;
	&lt;div&gt;&lt;table&gt;
	&lt;tr&gt;
		&lt;td&gt;&lt;span class="fit_interpreter"&gt;SedolAcceptanceTests.SedolAutomation&lt;/span&gt;&lt;/td&gt;
	&lt;/tr&gt;
&lt;/table&gt;
&lt;div class="contents"&gt;
	&lt;b&gt;Contents:&lt;/b&gt;
	&lt;ul class="toc1"&gt;
		&lt;li&gt;
			&lt;a href="FitNesse.SedolAcceptanceTests.ValidSedolThatIsNotDefinedByTheEndUserLeadingCharacterIsNot9.SetUp" class="static"&gt;Set Up&lt;/a&gt;
		&lt;/li&gt;
	&lt;/ul&gt;
&lt;/div&gt;
&lt;/div&gt;
&lt;/div&gt;
&lt;br/&gt;&lt;table&gt;
	&lt;tr&gt;
		&lt;td colspan="4"&gt;&lt;span class="fit_member"&gt;Valid Sedol That Is Not Defined By The End User(Leading Character Is Not 9)&lt;/span&gt;&lt;/td&gt;
	&lt;/tr&gt;
	&lt;tr&gt;
		&lt;td&gt;&lt;span class="fit_member"&gt;Input SEDOL&lt;/span&gt;&lt;/td&gt;
		&lt;td&gt;&lt;span class="fit_member"&gt;Is SEDOL Valid?&lt;/span&gt;&lt;/td&gt;
		&lt;td&gt;&lt;span class="fit_member"&gt;Is SEDOL User Defined?&lt;/span&gt;&lt;/td&gt;
		&lt;td&gt;&lt;span class="fit_member"&gt;Validation Message?&lt;/span&gt;&lt;/td&gt;
	&lt;/tr&gt;
	&lt;tr&gt;
		&lt;td&gt;0709954&lt;/td&gt;
		&lt;td class="pass"&gt;True&lt;/td&gt;
		&lt;td class="pass"&gt;False&lt;/td&gt;
		&lt;td&gt;&lt;span class="fit_grey"&gt; blank&lt;/span&gt;&lt;/td&gt;
	&lt;/tr&gt;
	&lt;tr&gt;
		&lt;td&gt;B0YBKJ7&lt;/td&gt;
		&lt;td class="pass"&gt;True&lt;/td&gt;
		&lt;td class="pass"&gt;False&lt;/td&gt;
		&lt;td&gt;&lt;span class="fit_grey"&gt; blank&lt;/span&gt;&lt;/td&gt;
	&lt;/tr&gt;
	&lt;tr&gt;
		&lt;td&gt;B0Ybkj7&lt;/td&gt;
		&lt;td class="pass"&gt;True&lt;/td&gt;
		&lt;td class="pass"&gt;False&lt;/td&gt;
		&lt;td&gt;&lt;span class="fit_grey"&gt; blank&lt;/span&gt;&lt;/td&gt;
	&lt;/tr&gt;
&lt;/table&gt;
</content>
    <relativePageName>ValidSedolThatIsNotDefinedByTheEndUserLeadingCharacterIsNot9</relativePageName>
          </result>
      <finalCounts>
    <right>1</right>
    <wrong>0</wrong>
    <ignores>0</ignores>
    <exceptions>0</exceptions>
  </finalCounts>
  <totalRunTimeInMillis>46</totalRunTimeInMillis>
  
</testResults>

