<?xml version="1.0"?>
<testResults>
  <FitNesseVersion>v20140901</FitNesseVersion>
  <rootPath>FitNesse.SedolAcceptanceTests.SevenCharactersLongInputWithIncorrectChecksumDigit</rootPath>
    <result>
    <counts>
      <right>2</right>
      <wrong>1</wrong>
      <ignores>0</ignores>
      <exceptions>0</exceptions>
    </counts>
    <runTimeInMillis>1238</runTimeInMillis>
    <content>&lt;div class="collapsible closed"&gt;&lt;ul&gt;&lt;li&gt;&lt;a href='#' class='expandall'&gt;Expand&lt;/a&gt;&lt;/li&gt;&lt;li&gt;&lt;a href='#' class='collapseall'&gt;Collapse&lt;/a&gt;&lt;/li&gt;&lt;/ul&gt;
	&lt;p class="title"&gt;Included page: &lt;a href="FitNesse.SedolAcceptanceTests.SevenCharactersLongInputWithIncorrectChecksumDigit.SetUp"&gt;.FitNesse.SedolAcceptanceTests.SevenCharactersLongInputWithIncorrectChecksumDigit.SetUp&lt;/a&gt; &lt;a href="FitNesse.SedolAcceptanceTests.SevenCharactersLongInputWithIncorrectChecksumDigit.SetUp?edit&amp;amp;redirectToReferer=true&amp;amp;redirectAction=" class="edit"&gt;(edit)&lt;/a&gt;&lt;/p&gt;
	&lt;div&gt;&lt;table&gt;
	&lt;tr&gt;
		&lt;td&gt;&lt;span class="fit_interpreter"&gt;SedolAcceptanceTests.SedolAutomation&lt;/span&gt;&lt;/td&gt;
	&lt;/tr&gt;
&lt;/table&gt;
&lt;div class="contents"&gt;
	&lt;b&gt;Contents:&lt;/b&gt;
	&lt;ul class="toc1"&gt;
		&lt;li&gt;
			&lt;a href="FitNesse.SedolAcceptanceTests.SevenCharactersLongInputWithIncorrectChecksumDigit.SetUp" class="static"&gt;Set Up&lt;/a&gt;
		&lt;/li&gt;
	&lt;/ul&gt;
&lt;/div&gt;
&lt;/div&gt;
&lt;/div&gt;
&lt;br/&gt;&lt;table&gt;
	&lt;tr&gt;
		&lt;td colspan="4"&gt;&lt;span class="fit_member"&gt;Seven Characters Long Input With Incorrect Checksum Digit&lt;/span&gt;&lt;/td&gt;
	&lt;/tr&gt;
	&lt;tr&gt;
		&lt;td&gt;&lt;span class="fit_member"&gt;Input SEDOL&lt;/span&gt;&lt;/td&gt;
		&lt;td&gt;&lt;span class="fit_member"&gt;Is SEDOL Valid?&lt;/span&gt;&lt;/td&gt;
		&lt;td&gt;&lt;span class="fit_member"&gt;Is SEDOL User Defined?&lt;/span&gt;&lt;/td&gt;
		&lt;td&gt;&lt;span class="fit_member"&gt;Validation Message?&lt;/span&gt;&lt;/td&gt;
	&lt;/tr&gt;
	&lt;tr&gt;
		&lt;td&gt;1234567&lt;/td&gt;
		&lt;td class="pass"&gt;False&lt;/td&gt;
		&lt;td class="pass"&gt;False&lt;/td&gt;
		&lt;td class="fail"&gt;Checksum digit does not agree with the rest of the input. &lt;span class="fit_label"&gt;expected&lt;/span&gt;&lt;hr /&gt;Checksum digit does not agree with the first 6 characters. &lt;span class="fit_label"&gt;actual&lt;/span&gt;&lt;hr /&gt;Length expected 57 was 58&lt;/td&gt;
	&lt;/tr&gt;
&lt;/table&gt;
&lt;br/&gt;</content>
    <relativePageName>SevenCharactersLongInputWithIncorrectChecksumDigit</relativePageName>
          </result>
      <finalCounts>
    <right>0</right>
    <wrong>1</wrong>
    <ignores>0</ignores>
    <exceptions>0</exceptions>
  </finalCounts>
  <totalRunTimeInMillis>1238</totalRunTimeInMillis>
  
</testResults>

